id_agenda,crm,id_posto,horario
1,12345-SP,5,2023-12-03 08:30:00
2,54321-RJ,3,2023-12-04 09:00:00
3,98765-MG,8,2023-12-07 09:30:00
4,87654-BA,9,2023-12-12 15:00:00
5,23456-PR,7,2023-12-13 16:30:00
6,87654-SC,1,2023-12-17 11:00:00
7,76543-RS,2,2023-12-19 11:30:00
8,45678-DF,6,2023-12-21 17:00:00
9,34567-ES,4,2023-12-24 12:30:00
10,65432-GO,10,2023-12-27 13:00:00
11,12345-SP,5,2023-12-01 08:45:00
12,54321-RJ,3,2023-12-02 09:15:00
13,98765-MG,8,2023-12-05 09:45:00
14,87654-BA,9,2023-12-08 15:15:00
15,23456-PR,7,2023-12-09 16:45:00
16,87654-SC,1,2023-12-14 11:15:00
17,76543-RS,2,2023-12-15 11:45:00
18,45678-DF,6,2023-12-16 17:15:00
19,34567-ES,4,2023-12-18 12:45:00
20,65432-GO,10,2023-12-20 13:15:00
21,12345-SP,5,2023-12-22 08:30:00
22,54321-RJ,3,2023-12-23 09:00:00
23,98765-MG,8,2023-12-26 09:30:00
24,87654-BA,9,2023-12-28 15:00:00
25,23456-PR,7,2023-12-29 16:30:00
26,87654-SC,1,2023-12-31 11:00:00
27,76543-RS,2,2023-12-01 11:30:00
28,45678-DF,6,2023-12-02 17:00:00
29,34567-ES,4,2023-12-03 12:30:00
30,65432-GO,10,2023-12-05 13:00:00
31,12345-SP,5,2023-12-06 08:30:00
32,54321-RJ,3,2023-12-08 09:00:00
33,98765-MG,8,2023-12-09 09:30:00
34,87654-BA,9,2023-12-12 15:00:00
35,23456-PR,7,2023-12-13 16:30:00
36,87654-SC,1,2023-12-15 11:00:00
37,76543-RS,2,2023-12-16 11:30:00
38,45678-DF,6,2023-12-18 17:00:00
39,34567-ES,4,2023-12-19 12:30:00
40,65432-GO,10,2023-12-20 13:00:00
41,12345-SP,5,2023-12-23 08:30:00
42,54321-RJ,3,2023-12-24 09:00:00
43,98765-MG,8,2023-12-26 09:30:00
44,87654-BA,9,2023-12-29 15:00:00
45,23456-PR,7,2023-12-30 16:30:00
46,87654-SC,1,2023-12-02 11:00:00
47,76543-RS,2,2023-12-04 11:30:00
48,45678-DF,6,2023-12-06 17:00:00
49,34567-ES,4,2023-12-07 12:30:00
50,65432-GO,10,2023-12-09 13:00:00
